timestamp,level,user_id,action,status,message
2025-08-25 12:00:45,ERROR,user20,logout,success,logout action success
2025-08-25 12:01:07,DEBUG,user8,click_button,fail,click_button action fail
2025-08-25 12:02:18,WARN,user29,login,fail,login action fail
2025-08-25 12:03:08,DEBUG,user15,view_page,success,view_page action success
2025-08-25 12:04:18,ERROR,user11,login,fail,login action fail
2025-08-25 12:05:04,WARN,user47,view_page,success,view_page action success
2025-08-25 12:06:32,WARN,user17,upload_file,success,upload_file action success
2025-08-25 12:07:53,DEBUG,user11,download_file,success,download_file action success
2025-08-25 12:08:48,INFO,user23,download_file,success,download_file action success
2025-08-25 12:09:07,DEBUG,user49,click_button,success,click_button action success
2025-08-25 12:10:53,WARN,user7,download_file,success,download_file action success
2025-08-25 12:11:59,WARN,user23,upload_file,success,upload_file action success
2025-08-25 12:12:24,ERROR,user19,login,fail,login action fail
2025-08-25 12:13:41,INFO,user34,download_file,success,download_file action success
2025-08-25 12:14:34,WARN,user47,upload_file,fail,upload_file action fail
2025-08-25 12:15:26,DEBUG,user20,logout,fail,logout action fail
2025-08-25 12:16:45,WARN,user16,click_button,fail,click_button action fail
2025-08-25 12:17:52,WARN,user14,view_page,success,view_page action success
2025-08-25 12:18:19,DEBUG,user8,view_page,success,view_page action success
2025-08-25 12:19:10,ERROR,user14,download_file,success,download_file action success
2025-08-25 12:20:59,INFO,user43,upload_file,fail,upload_file action fail
2025-08-25 12:21:39,ERROR,user1,click_button,success,click_button action success
2025-08-25 12:22:29,DEBUG,user39,click_button,success,click_button action success
2025-08-25 12:23:04,ERROR,user23,download_file,success,download_file action success
2025-08-25 12:24:58,DEBUG,user25,login,fail,login action fail
2025-08-25 12:25:49,DEBUG,user20,login,success,login action success
2025-08-25 12:26:39,ERROR,user20,click_button,success,click_button action success
2025-08-25 12:27:52,ERROR,user1,login,success,login action success
2025-08-25 12:28:53,INFO,user45,click_button,fail,click_button action fail
2025-08-25 12:29:44,ERROR,user30,login,success,login action success
2025-08-25 12:30:00,DEBUG,user22,logout,fail,logout action fail
2025-08-25 12:31:09,DEBUG,user48,upload_file,fail,upload_file action fail
2025-08-25 12:32:53,ERROR,user7,logout,fail,logout action fail
2025-08-25 12:33:16,WARN,user20,click_button,success,click_button action success
2025-08-25 12:34:00,WARN,user9,logout,success,logout action success
2025-08-25 12:35:00,DEBUG,user48,click_button,success,click_button action success
2025-08-25 12:36:45,WARN,user14,download_file,fail,download_file action fail
2025-08-25 12:37:17,WARN,user32,login,success,login action success
2025-08-25 12:38:54,WARN,user47,logout,success,logout action success
2025-08-25 12:39:45,INFO,user7,logout,success,logout action success
2025-08-25 12:40:30,WARN,user18,upload_file,fail,upload_file action fail
2025-08-25 12:41:32,INFO,user47,view_page,success,view_page action success
2025-08-25 12:42:25,INFO,user10,logout,fail,logout action fail
2025-08-25 12:43:31,WARN,user21,upload_file,success,upload_file action success
2025-08-25 12:44:09,WARN,user44,view_page,success,view_page action success
2025-08-25 12:45:41,DEBUG,user23,login,fail,login action fail
2025-08-25 12:46:45,INFO,user33,logout,success,logout action success
2025-08-25 12:47:55,DEBUG,user38,click_button,fail,click_button action fail
2025-08-25 12:48:33,ERROR,user26,login,fail,login action fail
2025-08-25 12:49:12,INFO,user48,click_button,success,click_button action success
2025-08-25 12:50:38,ERROR,user9,upload_file,fail,upload_file action fail
2025-08-25 12:51:18,ERROR,user38,login,fail,login action fail
2025-08-25 12:52:25,ERROR,user1,download_file,fail,download_file action fail
2025-08-25 12:53:30,ERROR,user11,upload_file,fail,upload_file action fail
2025-08-25 12:54:16,ERROR,user23,upload_file,success,upload_file action success
2025-08-25 12:55:24,WARN,user13,logout,success,logout action success
2025-08-25 12:56:26,DEBUG,user33,click_button,fail,click_button action fail
2025-08-25 12:57:42,DEBUG,user42,view_page,success,view_page action success
2025-08-25 12:58:42,WARN,user29,view_page,success,view_page action success
2025-08-25 12:59:20,INFO,user14,login,fail,login action fail
2025-08-25 12:00:34,INFO,user24,download_file,fail,download_file action fail
2025-08-25 12:01:00,INFO,user36,logout,success,logout action success
2025-08-25 12:02:55,WARN,user14,download_file,fail,download_file action fail
2025-08-25 12:03:35,DEBUG,user20,download_file,fail,download_file action fail
2025-08-25 12:04:42,WARN,user18,view_page,fail,view_page action fail
2025-08-25 12:05:25,DEBUG,user7,click_button,fail,click_button action fail
2025-08-25 12:06:55,INFO,user29,view_page,success,view_page action success
2025-08-25 12:07:01,DEBUG,user14,download_file,success,download_file action success
2025-08-25 12:08:40,DEBUG,user42,upload_file,success,upload_file action success
2025-08-25 12:09:25,WARN,user43,upload_file,success,upload_file action success
2025-08-25 12:10:52,DEBUG,user46,view_page,fail,view_page action fail
2025-08-25 12:11:14,WARN,user10,upload_file,fail,upload_file action fail
2025-08-25 12:12:38,INFO,user18,upload_file,fail,upload_file action fail
2025-08-25 12:13:28,DEBUG,user3,view_page,fail,view_page action fail
2025-08-25 12:14:29,WARN,user8,view_page,fail,view_page action fail
2025-08-25 12:15:47,DEBUG,user39,view_page,success,view_page action success
2025-08-25 12:16:28,WARN,user25,logout,success,logout action success
2025-08-25 12:17:43,DEBUG,user46,download_file,success,download_file action success
2025-08-25 12:18:46,DEBUG,user31,click_button,success,click_button action success
2025-08-25 12:19:44,DEBUG,user44,view_page,success,view_page action success
2025-08-25 12:20:15,DEBUG,user30,download_file,success,download_file action success
2025-08-25 12:21:39,INFO,user49,view_page,fail,view_page action fail
2025-08-25 12:22:36,DEBUG,user27,download_file,fail,download_file action fail
2025-08-25 12:23:34,WARN,user13,login,fail,login action fail
2025-08-25 12:24:17,INFO,user18,login,success,login action success
2025-08-25 12:25:09,WARN,user27,logout,fail,logout action fail
2025-08-25 12:26:41,WARN,user19,view_page,success,view_page action success
2025-08-25 12:27:46,ERROR,user36,login,success,login action success
2025-08-25 12:28:39,DEBUG,user8,click_button,success,click_button action success
2025-08-25 12:29:20,WARN,user5,view_page,fail,view_page action fail
2025-08-25 12:30:10,WARN,user47,login,fail,login action fail
2025-08-25 12:31:10,INFO,user39,click_button,success,click_button action success
2025-08-25 12:32:42,ERROR,user34,view_page,success,view_page action success
2025-08-25 12:33:42,DEBUG,user25,upload_file,success,upload_file action success
2025-08-25 12:34:00,INFO,user37,download_file,fail,download_file action fail
2025-08-25 12:35:52,ERROR,user10,click_button,success,click_button action success
2025-08-25 12:36:30,WARN,user45,upload_file,fail,upload_file action fail
2025-08-25 12:37:53,ERROR,user20,download_file,success,download_file action success
2025-08-25 12:38:46,ERROR,user24,logout,success,logout action success
2025-08-25 12:39:00,ERROR,user13,view_page,fail,view_page action fail
2025-08-25 12:40:45,ERROR,user27,view_page,fail,view_page action fail
2025-08-25 12:41:48,WARN,user12,view_page,success,view_page action success
2025-08-25 12:42:17,INFO,user27,upload_file,success,upload_file action success
2025-08-25 12:43:39,INFO,user45,click_button,fail,click_button action fail
2025-08-25 12:44:10,INFO,user7,view_page,success,view_page action success
2025-08-25 12:45:15,DEBUG,user17,click_button,fail,click_button action fail
2025-08-25 12:46:16,ERROR,user9,logout,success,logout action success
2025-08-25 12:47:31,INFO,user29,click_button,success,click_button action success
2025-08-25 12:48:03,DEBUG,user8,login,success,login action success
2025-08-25 12:49:14,WARN,user40,logout,fail,logout action fail
2025-08-25 12:50:21,DEBUG,user1,view_page,fail,view_page action fail
2025-08-25 12:51:10,INFO,user35,click_button,success,click_button action success
2025-08-25 12:52:31,DEBUG,user25,click_button,fail,click_button action fail
2025-08-25 12:53:06,INFO,user6,upload_file,fail,upload_file action fail
2025-08-25 12:54:45,INFO,user47,upload_file,fail,upload_file action fail
2025-08-25 12:55:36,ERROR,user24,logout,success,logout action success
2025-08-25 12:56:29,WARN,user41,download_file,fail,download_file action fail
2025-08-25 12:57:36,DEBUG,user9,click_button,fail,click_button action fail
2025-08-25 12:58:19,DEBUG,user35,view_page,success,view_page action success
2025-08-25 12:59:41,DEBUG,user45,login,fail,login action fail
2025-08-25 12:00:14,INFO,user1,click_button,fail,click_button action fail
2025-08-25 12:01:41,ERROR,user48,login,fail,login action fail
2025-08-25 12:02:20,INFO,user36,download_file,success,download_file action success
2025-08-25 12:03:49,DEBUG,user49,login,success,login action success
2025-08-25 12:04:17,DEBUG,user21,view_page,fail,view_page action fail
2025-08-25 12:05:12,WARN,user16,login,success,login action success
2025-08-25 12:06:38,WARN,user16,download_file,fail,download_file action fail
2025-08-25 12:07:57,ERROR,user36,click_button,success,click_button action success
2025-08-25 12:08:08,ERROR,user18,download_file,success,download_file action success
2025-08-25 12:09:09,DEBUG,user16,download_file,fail,download_file action fail
2025-08-25 12:10:16,INFO,user25,upload_file,success,upload_file action success
2025-08-25 12:11:18,ERROR,user15,click_button,success,click_button action success
2025-08-25 12:12:35,INFO,user23,download_file,fail,download_file action fail
2025-08-25 12:13:45,DEBUG,user18,click_button,fail,click_button action fail
2025-08-25 12:14:19,DEBUG,user45,logout,success,logout action success
2025-08-25 12:15:24,DEBUG,user1,download_file,fail,download_file action fail
2025-08-25 12:16:05,WARN,user5,click_button,success,click_button action success
2025-08-25 12:17:29,WARN,user44,login,success,login action success
2025-08-25 12:18:12,ERROR,user19,download_file,success,download_file action success
2025-08-25 12:19:08,DEBUG,user15,view_page,fail,view_page action fail
2025-08-25 12:20:19,WARN,user26,click_button,success,click_button action success
2025-08-25 12:21:10,ERROR,user47,login,success,login action success
2025-08-25 12:22:44,WARN,user40,click_button,fail,click_button action fail
2025-08-25 12:23:08,ERROR,user30,logout,fail,logout action fail
2025-08-25 12:24:11,ERROR,user48,upload_file,success,upload_file action success
2025-08-25 12:25:19,DEBUG,user34,click_button,fail,click_button action fail
2025-08-25 12:26:28,WARN,user24,view_page,fail,view_page action fail
2025-08-25 12:27:51,INFO,user10,logout,fail,logout action fail
2025-08-25 12:28:13,INFO,user23,view_page,fail,view_page action fail
2025-08-25 12:29:35,INFO,user39,logout,fail,logout action fail
2025-08-25 12:30:19,WARN,user40,download_file,fail,download_file action fail
2025-08-25 12:31:04,WARN,user4,logout,success,logout action success
2025-08-25 12:32:57,ERROR,user49,click_button,success,click_button action success
2025-08-25 12:33:56,INFO,user8,logout,success,logout action success
2025-08-25 12:34:49,WARN,user28,login,success,login action success
2025-08-25 12:35:07,INFO,user19,logout,success,logout action success
2025-08-25 12:36:21,DEBUG,user19,login,fail,login action fail
2025-08-25 12:37:07,WARN,user17,logout,success,logout action success
2025-08-25 12:38:40,INFO,user39,download_file,success,download_file action success
2025-08-25 12:39:42,INFO,user9,click_button,fail,click_button action fail
2025-08-25 12:40:30,WARN,user48,logout,success,logout action success
2025-08-25 12:41:11,WARN,user2,upload_file,success,upload_file action success
2025-08-25 12:42:20,WARN,user43,upload_file,fail,upload_file action fail
2025-08-25 12:43:32,ERROR,user49,login,fail,login action fail
2025-08-25 12:44:13,DEBUG,user46,click_button,success,click_button action success
2025-08-25 12:45:36,INFO,user19,view_page,fail,view_page action fail
2025-08-25 12:46:14,ERROR,user6,logout,success,logout action success
2025-08-25 12:47:15,WARN,user46,click_button,fail,click_button action fail
2025-08-25 12:48:01,INFO,user16,upload_file,fail,upload_file action fail
2025-08-25 12:49:37,DEBUG,user42,logout,fail,logout action fail
2025-08-25 12:50:54,DEBUG,user23,view_page,success,view_page action success
2025-08-25 12:51:55,INFO,user9,view_page,fail,view_page action fail
2025-08-25 12:52:44,DEBUG,user30,click_button,success,click_button action success
2025-08-25 12:53:57,ERROR,user30,click_button,success,click_button action success
2025-08-25 12:54:35,DEBUG,user22,click_button,success,click_button action success
2025-08-25 12:55:04,INFO,user11,upload_file,success,upload_file action success
2025-08-25 12:56:56,INFO,user45,click_button,fail,click_button action fail
2025-08-25 12:57:47,ERROR,user20,download_file,fail,download_file action fail
2025-08-25 12:58:08,DEBUG,user43,view_page,success,view_page action success
2025-08-25 12:59:52,ERROR,user29,click_button,fail,click_button action fail
2025-08-25 12:00:35,ERROR,user39,view_page,success,view_page action success
2025-08-25 12:01:12,WARN,user46,upload_file,success,upload_file action success
2025-08-25 12:02:20,ERROR,user18,view_page,success,view_page action success
2025-08-25 12:03:48,INFO,user33,view_page,fail,view_page action fail
2025-08-25 12:04:13,WARN,user40,login,success,login action success
2025-08-25 12:05:24,DEBUG,user36,login,fail,login action fail
2025-08-25 12:06:33,DEBUG,user37,logout,success,logout action success
2025-08-25 12:07:01,WARN,user40,login,fail,login action fail
2025-08-25 12:08:03,DEBUG,user8,view_page,fail,view_page action fail
2025-08-25 12:09:59,INFO,user5,login,success,login action success
2025-08-25 12:10:21,ERROR,user27,view_page,success,view_page action success
2025-08-25 12:11:07,INFO,user49,logout,success,logout action success
2025-08-25 12:12:59,WARN,user32,logout,success,logout action success
2025-08-25 12:13:36,WARN,user4,upload_file,success,upload_file action success
2025-08-25 12:14:03,ERROR,user7,click_button,success,click_button action success
2025-08-25 12:15:17,INFO,user21,download_file,success,download_file action success
2025-08-25 12:16:07,ERROR,user35,upload_file,success,upload_file action success
2025-08-25 12:17:51,WARN,user46,view_page,success,view_page action success
2025-08-25 12:18:08,WARN,user16,upload_file,fail,upload_file action fail
2025-08-25 12:19:30,ERROR,user2,download_file,success,download_file action success
2025-08-25 12:20:02,DEBUG,user45,upload_file,fail,upload_file action fail
2025-08-25 12:21:15,INFO,user7,download_file,success,download_file action success
2025-08-25 12:22:53,WARN,user41,view_page,success,view_page action success
2025-08-25 12:23:06,ERROR,user27,view_page,fail,view_page action fail
2025-08-25 12:24:40,INFO,user43,upload_file,success,upload_file action success
2025-08-25 12:25:05,WARN,user44,logout,fail,logout action fail
2025-08-25 12:26:48,DEBUG,user43,click_button,fail,click_button action fail
2025-08-25 12:27:51,DEBUG,user18,upload_file,fail,upload_file action fail
2025-08-25 12:28:02,ERROR,user48,download_file,success,download_file action success
2025-08-25 12:29:15,WARN,user22,click_button,success,click_button action success
2025-08-25 12:30:09,ERROR,user9,download_file,success,download_file action success
2025-08-25 12:31:32,INFO,user39,logout,fail,logout action fail
2025-08-25 12:32:06,WARN,user39,upload_file,fail,upload_file action fail
2025-08-25 12:33:34,ERROR,user25,login,fail,login action fail
2025-08-25 12:34:32,WARN,user34,view_page,success,view_page action success
2025-08-25 12:35:14,ERROR,user24,download_file,success,download_file action success
2025-08-25 12:36:57,WARN,user9,login,fail,login action fail
2025-08-25 12:37:44,INFO,user35,click_button,fail,click_button action fail
2025-08-25 12:38:58,ERROR,user38,login,success,login action success
2025-08-25 12:39:30,INFO,user20,download_file,fail,download_file action fail
2025-08-25 12:40:18,INFO,user48,download_file,success,download_file action success
2025-08-25 12:41:41,DEBUG,user30,upload_file,fail,upload_file action fail
2025-08-25 12:42:10,WARN,user18,upload_file,success,upload_file action success
2025-08-25 12:43:42,INFO,user18,download_file,success,download_file action success
2025-08-25 12:44:22,WARN,user9,upload_file,success,upload_file action success
2025-08-25 12:45:47,WARN,user28,login,fail,login action fail
2025-08-25 12:46:56,DEBUG,user11,logout,fail,logout action fail
2025-08-25 12:47:26,WARN,user3,view_page,fail,view_page action fail
2025-08-25 12:48:19,INFO,user13,upload_file,success,upload_file action success
2025-08-25 12:49:30,ERROR,user16,view_page,success,view_page action success
2025-08-25 12:50:50,WARN,user43,login,fail,login action fail
2025-08-25 12:51:33,DEBUG,user21,upload_file,fail,upload_file action fail
2025-08-25 12:52:49,ERROR,user18,view_page,fail,view_page action fail
2025-08-25 12:53:21,INFO,user23,upload_file,success,upload_file action success
2025-08-25 12:54:37,INFO,user9,login,success,login action success
2025-08-25 12:55:03,DEBUG,user15,download_file,success,download_file action success
2025-08-25 12:56:24,INFO,user14,logout,fail,logout action fail
2025-08-25 12:57:57,ERROR,user32,view_page,fail,view_page action fail
2025-08-25 12:58:51,WARN,user36,click_button,success,click_button action success
2025-08-25 12:59:30,WARN,user43,logout,fail,logout action fail
2025-08-25 12:00:45,INFO,user20,login,fail,login action fail
2025-08-25 12:01:25,WARN,user5,logout,success,logout action success
2025-08-25 12:02:05,WARN,user35,login,success,login action success
2025-08-25 12:03:42,ERROR,user38,login,success,login action success
2025-08-25 12:04:42,ERROR,user15,view_page,fail,view_page action fail
2025-08-25 12:05:21,DEBUG,user34,logout,fail,logout action fail
2025-08-25 12:06:06,DEBUG,user39,view_page,success,view_page action success
2025-08-25 12:07:48,ERROR,user11,login,fail,login action fail
2025-08-25 12:08:59,ERROR,user3,download_file,success,download_file action success
2025-08-25 12:09:51,INFO,user8,logout,success,logout action success
2025-08-25 12:10:47,ERROR,user31,view_page,success,view_page action success
2025-08-25 12:11:23,DEBUG,user14,upload_file,success,upload_file action success
2025-08-25 12:12:35,DEBUG,user48,logout,success,logout action success
2025-08-25 12:13:31,INFO,user32,upload_file,success,upload_file action success
2025-08-25 12:14:07,DEBUG,user4,logout,fail,logout action fail
2025-08-25 12:15:11,ERROR,user24,upload_file,fail,upload_file action fail
2025-08-25 12:16:54,DEBUG,user50,logout,success,logout action success
2025-08-25 12:17:30,ERROR,user10,click_button,fail,click_button action fail
2025-08-25 12:18:41,DEBUG,user18,logout,fail,logout action fail
2025-08-25 12:19:53,INFO,user26,click_button,success,click_button action success
2025-08-25 12:20:52,ERROR,user47,download_file,fail,download_file action fail
2025-08-25 12:21:15,INFO,user41,download_file,success,download_file action success
2025-08-25 12:22:48,ERROR,user7,view_page,fail,view_page action fail
2025-08-25 12:23:24,DEBUG,user11,download_file,fail,download_file action fail
2025-08-25 12:24:55,INFO,user1,view_page,fail,view_page action fail
2025-08-25 12:25:15,ERROR,user39,upload_file,success,upload_file action success
2025-08-25 12:26:46,ERROR,user34,click_button,fail,click_button action fail
2025-08-25 12:27:40,ERROR,user22,view_page,fail,view_page action fail
2025-08-25 12:28:39,INFO,user45,logout,fail,logout action fail
2025-08-25 12:29:29,ERROR,user4,upload_file,fail,upload_file action fail
2025-08-25 12:30:46,WARN,user21,download_file,fail,download_file action fail
2025-08-25 12:31:40,DEBUG,user15,download_file,success,download_file action success
2025-08-25 12:32:11,ERROR,user26,download_file,fail,download_file action fail
2025-08-25 12:33:03,WARN,user44,login,success,login action success
2025-08-25 12:34:35,DEBUG,user36,logout,success,logout action success
2025-08-25 12:35:28,DEBUG,user16,upload_file,success,upload_file action success
2025-08-25 12:36:25,INFO,user15,download_file,success,download_file action success
2025-08-25 12:37:50,DEBUG,user37,view_page,success,view_page action success
2025-08-25 12:38:43,WARN,user38,download_file,fail,download_file action fail
2025-08-25 12:39:00,ERROR,user18,upload_file,success,upload_file action success
2025-08-25 12:40:03,ERROR,user41,download_file,fail,download_file action fail
2025-08-25 12:41:29,DEBUG,user13,login,fail,login action fail
2025-08-25 12:42:17,INFO,user23,click_button,fail,click_button action fail
2025-08-25 12:43:57,WARN,user32,login,success,login action success
2025-08-25 12:44:36,INFO,user48,upload_file,success,upload_file action success
2025-08-25 12:45:56,INFO,user20,upload_file,fail,upload_file action fail
2025-08-25 12:46:17,ERROR,user9,click_button,fail,click_button action fail
2025-08-25 12:47:04,INFO,user34,logout,success,logout action success
2025-08-25 12:48:06,INFO,user29,logout,fail,logout action fail
2025-08-25 12:49:15,INFO,user25,upload_file,fail,upload_file action fail
2025-08-25 12:50:29,INFO,user15,view_page,fail,view_page action fail
2025-08-25 12:51:30,DEBUG,user3,login,fail,login action fail
2025-08-25 12:52:31,ERROR,user10,download_file,fail,download_file action fail
2025-08-25 12:53:26,ERROR,user24,view_page,fail,view_page action fail
2025-08-25 12:54:12,ERROR,user32,click_button,fail,click_button action fail
2025-08-25 12:55:49,DEBUG,user6,download_file,fail,download_file action fail
2025-08-25 12:56:21,INFO,user41,download_file,success,download_file action success
2025-08-25 12:57:21,WARN,user29,view_page,success,view_page action success
2025-08-25 12:58:22,INFO,user6,login,fail,login action fail
2025-08-25 12:59:58,WARN,user33,logout,success,logout action success
2025-08-25 12:00:14,DEBUG,user40,view_page,fail,view_page action fail
2025-08-25 12:01:03,WARN,user2,view_page,success,view_page action success
2025-08-25 12:02:37,ERROR,user47,download_file,success,download_file action success
2025-08-25 12:03:58,ERROR,user44,logout,success,logout action success
2025-08-25 12:04:36,INFO,user39,download_file,success,download_file action success
2025-08-25 12:05:56,DEBUG,user5,click_button,success,click_button action success
2025-08-25 12:06:35,DEBUG,user22,click_button,fail,click_button action fail
2025-08-25 12:07:21,INFO,user27,download_file,fail,download_file action fail
2025-08-25 12:08:33,INFO,user27,download_file,fail,download_file action fail
2025-08-25 12:09:07,ERROR,user23,download_file,fail,download_file action fail
2025-08-25 12:10:36,WARN,user37,click_button,success,click_button action success
2025-08-25 12:11:33,DEBUG,user4,upload_file,success,upload_file action success
2025-08-25 12:12:26,ERROR,user8,view_page,success,view_page action success
2025-08-25 12:13:44,ERROR,user9,logout,fail,logout action fail
2025-08-25 12:14:15,DEBUG,user39,upload_file,fail,upload_file action fail
2025-08-25 12:15:41,INFO,user11,view_page,fail,view_page action fail
2025-08-25 12:16:53,DEBUG,user18,click_button,fail,click_button action fail
2025-08-25 12:17:23,INFO,user26,download_file,fail,download_file action fail
2025-08-25 12:18:53,DEBUG,user45,view_page,fail,view_page action fail
2025-08-25 12:19:07,WARN,user3,login,fail,login action fail
2025-08-25 12:20:55,DEBUG,user32,view_page,fail,view_page action fail
2025-08-25 12:21:58,DEBUG,user41,download_file,fail,download_file action fail
2025-08-25 12:22:50,INFO,user3,login,success,login action success
2025-08-25 12:23:46,DEBUG,user35,download_file,success,download_file action success
2025-08-25 12:24:19,WARN,user32,login,success,login action success
2025-08-25 12:25:45,ERROR,user21,logout,fail,logout action fail
2025-08-25 12:26:25,DEBUG,user10,view_page,fail,view_page action fail
2025-08-25 12:27:10,WARN,user30,click_button,fail,click_button action fail
2025-08-25 12:28:14,ERROR,user45,upload_file,fail,upload_file action fail
2025-08-25 12:29:50,DEBUG,user50,logout,fail,logout action fail
2025-08-25 12:30:01,INFO,user4,download_file,fail,download_file action fail
2025-08-25 12:31:56,DEBUG,user28,logout,success,logout action success
2025-08-25 12:32:53,ERROR,user16,click_button,success,click_button action success
2025-08-25 12:33:46,DEBUG,user40,login,fail,login action fail
2025-08-25 12:34:51,WARN,user49,download_file,fail,download_file action fail
2025-08-25 12:35:01,DEBUG,user48,logout,success,logout action success
2025-08-25 12:36:59,WARN,user21,view_page,fail,view_page action fail
2025-08-25 12:37:08,INFO,user2,upload_file,success,upload_file action success
2025-08-25 12:38:26,ERROR,user15,download_file,fail,download_file action fail
2025-08-25 12:39:06,INFO,user26,click_button,fail,click_button action fail
2025-08-25 12:40:11,DEBUG,user30,upload_file,fail,upload_file action fail
2025-08-25 12:41:33,ERROR,user19,upload_file,fail,upload_file action fail
2025-08-25 12:42:53,WARN,user34,view_page,fail,view_page action fail
2025-08-25 12:43:09,WARN,user14,upload_file,success,upload_file action success
2025-08-25 12:44:04,ERROR,user25,upload_file,fail,upload_file action fail
2025-08-25 12:45:59,INFO,user1,login,success,login action success
2025-08-25 12:46:21,ERROR,user2,login,success,login action success
2025-08-25 12:47:27,DEBUG,user48,click_button,success,click_button action success
2025-08-25 12:48:07,ERROR,user39,view_page,success,view_page action success
2025-08-25 12:49:05,INFO,user23,click_button,success,click_button action success
2025-08-25 12:50:57,INFO,user6,logout,fail,logout action fail
2025-08-25 12:51:42,ERROR,user50,login,fail,login action fail
2025-08-25 12:52:52,DEBUG,user26,logout,success,logout action success
2025-08-25 12:53:01,ERROR,user5,click_button,success,click_button action success
2025-08-25 12:54:28,ERROR,user27,login,fail,login action fail
2025-08-25 12:55:27,ERROR,user38,login,success,login action success
2025-08-25 12:56:41,DEBUG,user10,download_file,fail,download_file action fail
2025-08-25 12:57:30,ERROR,user44,logout,success,logout action success
2025-08-25 12:58:40,WARN,user21,view_page,success,view_page action success
2025-08-25 12:59:24,DEBUG,user43,download_file,success,download_file action success
2025-08-25 12:00:10,WARN,user35,upload_file,success,upload_file action success
2025-08-25 12:01:50,ERROR,user30,view_page,fail,view_page action fail
2025-08-25 12:02:06,ERROR,user15,view_page,fail,view_page action fail
2025-08-25 12:03:00,DEBUG,user21,download_file,success,download_file action success
2025-08-25 12:04:27,INFO,user8,download_file,success,download_file action success
2025-08-25 12:05:58,INFO,user15,upload_file,fail,upload_file action fail
2025-08-25 12:06:17,WARN,user39,click_button,fail,click_button action fail
2025-08-25 12:07:58,WARN,user2,upload_file,fail,upload_file action fail
2025-08-25 12:08:59,ERROR,user35,view_page,fail,view_page action fail
2025-08-25 12:09:19,WARN,user10,view_page,fail,view_page action fail
2025-08-25 12:10:41,DEBUG,user28,login,success,login action success
2025-08-25 12:11:11,ERROR,user39,click_button,success,click_button action success
2025-08-25 12:12:04,INFO,user17,upload_file,success,upload_file action success
2025-08-25 12:13:52,INFO,user26,upload_file,success,upload_file action success
2025-08-25 12:14:49,INFO,user31,logout,success,logout action success
2025-08-25 12:15:02,ERROR,user2,upload_file,fail,upload_file action fail
2025-08-25 12:16:15,DEBUG,user35,download_file,fail,download_file action fail
2025-08-25 12:17:53,WARN,user9,download_file,fail,download_file action fail
2025-08-25 12:18:29,DEBUG,user22,logout,success,logout action success
2025-08-25 12:19:38,ERROR,user3,logout,fail,logout action fail
2025-08-25 12:20:44,ERROR,user39,view_page,fail,view_page action fail
2025-08-25 12:21:30,DEBUG,user25,upload_file,fail,upload_file action fail
2025-08-25 12:22:03,INFO,user21,click_button,success,click_button action success
2025-08-25 12:23:14,INFO,user14,download_file,fail,download_file action fail
2025-08-25 12:24:24,WARN,user6,upload_file,success,upload_file action success
2025-08-25 12:25:01,WARN,user33,upload_file,fail,upload_file action fail
2025-08-25 12:26:17,ERROR,user13,login,success,login action success
2025-08-25 12:27:35,ERROR,user41,upload_file,success,upload_file action success
2025-08-25 12:28:56,WARN,user30,click_button,success,click_button action success
2025-08-25 12:29:58,DEBUG,user36,logout,success,logout action success
2025-08-25 12:30:34,WARN,user49,login,success,login action success
2025-08-25 12:31:08,INFO,user30,click_button,success,click_button action success
2025-08-25 12:32:45,DEBUG,user13,upload_file,success,upload_file action success
2025-08-25 12:33:43,DEBUG,user1,click_button,success,click_button action success
2025-08-25 12:34:47,ERROR,user3,login,fail,login action fail
2025-08-25 12:35:36,ERROR,user31,click_button,success,click_button action success
2025-08-25 12:36:37,ERROR,user3,download_file,fail,download_file action fail
2025-08-25 12:37:50,DEBUG,user30,login,success,login action success
2025-08-25 12:38:29,DEBUG,user38,logout,fail,logout action fail
2025-08-25 12:39:40,WARN,user38,view_page,fail,view_page action fail
2025-08-25 12:40:48,ERROR,user30,click_button,fail,click_button action fail
2025-08-25 12:41:48,INFO,user8,login,fail,login action fail
2025-08-25 12:42:48,DEBUG,user35,login,fail,login action fail
2025-08-25 12:43:21,INFO,user30,upload_file,fail,upload_file action fail
2025-08-25 12:44:38,WARN,user28,click_button,fail,click_button action fail
2025-08-25 12:45:13,WARN,user31,download_file,fail,download_file action fail
2025-08-25 12:46:22,INFO,user32,click_button,fail,click_button action fail
2025-08-25 12:47:33,WARN,user47,logout,success,logout action success
2025-08-25 12:48:14,WARN,user12,view_page,success,view_page action success
2025-08-25 12:49:25,DEBUG,user31,logout,success,logout action success
2025-08-25 12:50:45,DEBUG,user48,upload_file,fail,upload_file action fail
2025-08-25 12:51:11,ERROR,user39,click_button,success,click_button action success
2025-08-25 12:52:25,INFO,user16,upload_file,success,upload_file action success
2025-08-25 12:53:50,ERROR,user17,login,success,login action success
2025-08-25 12:54:51,ERROR,user2,login,fail,login action fail
2025-08-25 12:55:36,DEBUG,user15,logout,fail,logout action fail
2025-08-25 12:56:20,INFO,user45,upload_file,success,upload_file action success
2025-08-25 12:57:05,INFO,user45,download_file,fail,download_file action fail
2025-08-25 12:58:54,INFO,user18,login,fail,login action fail
2025-08-25 12:59:31,WARN,user41,click_button,fail,click_button action fail
2025-08-25 12:00:19,DEBUG,user37,upload_file,fail,upload_file action fail
2025-08-25 12:01:22,DEBUG,user14,logout,fail,logout action fail
2025-08-25 12:02:09,ERROR,user26,view_page,success,view_page action success
2025-08-25 12:03:41,INFO,user31,logout,success,logout action success
2025-08-25 12:04:46,WARN,user35,click_button,success,click_button action success
2025-08-25 12:05:47,WARN,user11,download_file,fail,download_file action fail
2025-08-25 12:06:23,WARN,user24,download_file,success,download_file action success
2025-08-25 12:07:38,INFO,user32,logout,fail,logout action fail
2025-08-25 12:08:43,DEBUG,user49,view_page,success,view_page action success
2025-08-25 12:09:39,WARN,user48,click_button,fail,click_button action fail
2025-08-25 12:10:29,WARN,user30,login,fail,login action fail
2025-08-25 12:11:47,WARN,user21,download_file,success,download_file action success
2025-08-25 12:12:14,ERROR,user36,login,fail,login action fail
2025-08-25 12:13:51,INFO,user15,download_file,success,download_file action success
2025-08-25 12:14:35,INFO,user25,logout,fail,logout action fail
2025-08-25 12:15:03,DEBUG,user46,upload_file,fail,upload_file action fail
2025-08-25 12:16:07,ERROR,user20,download_file,fail,download_file action fail
2025-08-25 12:17:24,DEBUG,user25,download_file,success,download_file action success
2025-08-25 12:18:32,INFO,user48,view_page,success,view_page action success
2025-08-25 12:19:26,ERROR,user18,download_file,success,download_file action success
2025-08-25 12:20:11,WARN,user37,logout,success,logout action success
2025-08-25 12:21:19,ERROR,user46,click_button,success,click_button action success
2025-08-25 12:22:37,DEBUG,user47,logout,success,logout action success
2025-08-25 12:23:22,DEBUG,user12,login,success,login action success
2025-08-25 12:24:55,INFO,user12,upload_file,fail,upload_file action fail
2025-08-25 12:25:00,ERROR,user25,view_page,success,view_page action success
2025-08-25 12:26:49,WARN,user42,click_button,fail,click_button action fail
2025-08-25 12:27:48,DEBUG,user31,click_button,fail,click_button action fail
2025-08-25 12:28:44,DEBUG,user44,download_file,success,download_file action success
2025-08-25 12:29:48,ERROR,user42,logout,success,logout action success
2025-08-25 12:30:16,INFO,user8,view_page,success,view_page action success
2025-08-25 12:31:25,DEBUG,user25,click_button,fail,click_button action fail
2025-08-25 12:32:27,INFO,user17,view_page,fail,view_page action fail
2025-08-25 12:33:45,DEBUG,user37,upload_file,fail,upload_file action fail
2025-08-25 12:34:03,WARN,user24,upload_file,success,upload_file action success
2025-08-25 12:35:45,DEBUG,user28,view_page,fail,view_page action fail
2025-08-25 12:36:47,ERROR,user4,click_button,success,click_button action success
2025-08-25 12:37:25,DEBUG,user2,login,fail,login action fail
2025-08-25 12:38:25,DEBUG,user18,click_button,success,click_button action success
2025-08-25 12:39:59,WARN,user30,login,fail,login action fail
2025-08-25 12:40:06,ERROR,user46,login,success,login action success
2025-08-25 12:41:26,WARN,user8,click_button,fail,click_button action fail
2025-08-25 12:42:53,ERROR,user48,view_page,success,view_page action success
2025-08-25 12:43:55,DEBUG,user31,logout,fail,logout action fail
2025-08-25 12:44:04,DEBUG,user32,upload_file,fail,upload_file action fail
2025-08-25 12:45:49,DEBUG,user41,click_button,fail,click_button action fail
2025-08-25 12:46:41,DEBUG,user19,view_page,success,view_page action success
2025-08-25 12:47:53,INFO,user36,logout,fail,logout action fail
2025-08-25 12:48:37,ERROR,user38,login,success,login action success
2025-08-25 12:49:40,INFO,user24,logout,fail,logout action fail
2025-08-25 12:50:51,DEBUG,user16,click_button,fail,click_button action fail
2025-08-25 12:51:35,INFO,user47,download_file,fail,download_file action fail
2025-08-25 12:52:30,ERROR,user37,view_page,success,view_page action success
2025-08-25 12:53:42,WARN,user3,click_button,fail,click_button action fail
2025-08-25 12:54:06,ERROR,user24,upload_file,success,upload_file action success
2025-08-25 12:55:33,DEBUG,user41,view_page,success,view_page action success
2025-08-25 12:56:46,ERROR,user33,click_button,fail,click_button action fail
2025-08-25 12:57:45,DEBUG,user14,logout,fail,logout action fail
2025-08-25 12:58:28,ERROR,user48,upload_file,success,upload_file action success
2025-08-25 12:59:49,WARN,user26,login,success,login action success
2025-08-25 12:00:43,DEBUG,user4,upload_file,success,upload_file action success
2025-08-25 12:01:26,ERROR,user41,upload_file,fail,upload_file action fail
2025-08-25 12:02:06,ERROR,user35,login,fail,login action fail
2025-08-25 12:03:48,ERROR,user28,view_page,fail,view_page action fail
2025-08-25 12:04:09,WARN,user42,login,success,login action success
2025-08-25 12:05:03,WARN,user42,upload_file,success,upload_file action success
2025-08-25 12:06:11,ERROR,user34,upload_file,success,upload_file action success
2025-08-25 12:07:22,WARN,user15,download_file,fail,download_file action fail
2025-08-25 12:08:13,DEBUG,user39,upload_file,success,upload_file action success
2025-08-25 12:09:18,INFO,user20,logout,fail,logout action fail
2025-08-25 12:10:20,ERROR,user47,logout,fail,logout action fail
2025-08-25 12:11:48,ERROR,user13,view_page,fail,view_page action fail
2025-08-25 12:12:46,INFO,user49,view_page,success,view_page action success
2025-08-25 12:13:35,ERROR,user14,login,fail,login action fail
2025-08-25 12:14:55,INFO,user32,upload_file,success,upload_file action success
2025-08-25 12:15:30,INFO,user8,logout,fail,logout action fail
2025-08-25 12:16:14,INFO,user20,logout,fail,logout action fail
2025-08-25 12:17:15,WARN,user44,view_page,fail,view_page action fail
2025-08-25 12:18:27,INFO,user30,click_button,fail,click_button action fail
2025-08-25 12:19:06,INFO,user47,logout,fail,logout action fail
2025-08-25 12:20:46,ERROR,user2,upload_file,fail,upload_file action fail
2025-08-25 12:21:30,ERROR,user31,upload_file,success,upload_file action success
2025-08-25 12:22:59,ERROR,user32,click_button,success,click_button action success
2025-08-25 12:23:00,INFO,user43,login,fail,login action fail
2025-08-25 12:24:34,DEBUG,user39,view_page,success,view_page action success
2025-08-25 12:25:42,DEBUG,user43,view_page,success,view_page action success
2025-08-25 12:26:49,WARN,user42,login,fail,login action fail
2025-08-25 12:27:45,DEBUG,user21,upload_file,success,upload_file action success
2025-08-25 12:28:14,ERROR,user2,download_file,fail,download_file action fail
2025-08-25 12:29:15,INFO,user49,click_button,success,click_button action success
2025-08-25 12:30:16,DEBUG,user38,view_page,fail,view_page action fail
2025-08-25 12:31:24,ERROR,user8,view_page,fail,view_page action fail
2025-08-25 12:32:58,DEBUG,user10,view_page,success,view_page action success
2025-08-25 12:33:24,ERROR,user16,download_file,success,download_file action success
2025-08-25 12:34:18,DEBUG,user15,view_page,success,view_page action success
2025-08-25 12:35:04,DEBUG,user13,logout,fail,logout action fail
2025-08-25 12:36:52,ERROR,user35,upload_file,success,upload_file action success
2025-08-25 12:37:06,WARN,user25,login,fail,login action fail
2025-08-25 12:38:39,INFO,user45,download_file,fail,download_file action fail
2025-08-25 12:39:13,ERROR,user48,view_page,fail,view_page action fail
2025-08-25 12:40:18,INFO,user39,view_page,fail,view_page action fail
2025-08-25 12:41:38,DEBUG,user17,upload_file,success,upload_file action success
2025-08-25 12:42:58,WARN,user37,view_page,fail,view_page action fail
2025-08-25 12:43:37,DEBUG,user27,view_page,fail,view_page action fail
2025-08-25 12:44:38,WARN,user6,upload_file,success,upload_file action success
2025-08-25 12:45:37,INFO,user48,login,success,login action success
2025-08-25 12:46:55,WARN,user26,login,success,login action success
2025-08-25 12:47:19,WARN,user43,download_file,success,download_file action success
2025-08-25 12:48:38,ERROR,user43,click_button,success,click_button action success
2025-08-25 12:49:19,DEBUG,user19,download_file,success,download_file action success
2025-08-25 12:50:00,ERROR,user36,click_button,success,click_button action success
2025-08-25 12:51:11,WARN,user2,upload_file,success,upload_file action success
2025-08-25 12:52:49,INFO,user43,view_page,success,view_page action success
2025-08-25 12:53:06,DEBUG,user15,logout,fail,logout action fail
2025-08-25 12:54:36,DEBUG,user39,download_file,fail,download_file action fail
2025-08-25 12:55:22,INFO,user17,logout,fail,logout action fail
2025-08-25 12:56:17,DEBUG,user3,click_button,fail,click_button action fail
2025-08-25 12:57:07,INFO,user26,view_page,success,view_page action success
2025-08-25 12:58:44,WARN,user41,click_button,fail,click_button action fail
2025-08-25 12:59:21,ERROR,user15,logout,fail,logout action fail
2025-08-25 12:00:08,INFO,user17,view_page,success,view_page action success
2025-08-25 12:01:38,DEBUG,user2,logout,fail,logout action fail
2025-08-25 12:02:44,WARN,user43,logout,success,logout action success
2025-08-25 12:03:49,INFO,user46,download_file,fail,download_file action fail
2025-08-25 12:04:44,DEBUG,user9,logout,fail,logout action fail
2025-08-25 12:05:44,WARN,user27,download_file,fail,download_file action fail
2025-08-25 12:06:51,DEBUG,user39,logout,fail,logout action fail
2025-08-25 12:07:18,WARN,user14,view_page,success,view_page action success
2025-08-25 12:08:11,WARN,user7,logout,success,logout action success
2025-08-25 12:09:12,INFO,user40,download_file,fail,download_file action fail
2025-08-25 12:10:36,DEBUG,user41,upload_file,fail,upload_file action fail
2025-08-25 12:11:52,ERROR,user2,upload_file,fail,upload_file action fail
2025-08-25 12:12:56,WARN,user30,click_button,success,click_button action success
2025-08-25 12:13:52,INFO,user9,upload_file,success,upload_file action success
2025-08-25 12:14:13,WARN,user28,view_page,fail,view_page action fail
2025-08-25 12:15:21,DEBUG,user28,logout,fail,logout action fail
2025-08-25 12:16:21,INFO,user45,logout,fail,logout action fail
2025-08-25 12:17:27,DEBUG,user36,logout,success,logout action success
2025-08-25 12:18:49,ERROR,user50,upload_file,success,upload_file action success
2025-08-25 12:19:48,DEBUG,user36,upload_file,fail,upload_file action fail
2025-08-25 12:20:56,DEBUG,user21,upload_file,success,upload_file action success
2025-08-25 12:21:00,DEBUG,user17,logout,success,logout action success
2025-08-25 12:22:26,DEBUG,user17,download_file,success,download_file action success
2025-08-25 12:23:27,INFO,user47,click_button,fail,click_button action fail
2025-08-25 12:24:34,ERROR,user30,login,success,login action success
2025-08-25 12:25:11,INFO,user7,view_page,success,view_page action success
2025-08-25 12:26:45,INFO,user38,logout,success,logout action success
2025-08-25 12:27:05,DEBUG,user42,upload_file,fail,upload_file action fail
2025-08-25 12:28:04,ERROR,user17,upload_file,fail,upload_file action fail
2025-08-25 12:29:39,ERROR,user26,download_file,fail,download_file action fail
2025-08-25 12:30:55,DEBUG,user6,view_page,success,view_page action success
2025-08-25 12:31:17,INFO,user33,download_file,fail,download_file action fail
2025-08-25 12:32:53,WARN,user24,upload_file,fail,upload_file action fail
2025-08-25 12:33:40,INFO,user35,upload_file,success,upload_file action success
2025-08-25 12:34:52,ERROR,user28,download_file,fail,download_file action fail
2025-08-25 12:35:09,ERROR,user25,logout,success,logout action success
2025-08-25 12:36:35,INFO,user42,upload_file,fail,upload_file action fail
2025-08-25 12:37:03,ERROR,user21,upload_file,fail,upload_file action fail
2025-08-25 12:38:42,INFO,user13,logout,success,logout action success
2025-08-25 12:39:28,INFO,user5,logout,fail,logout action fail
2025-08-25 12:40:51,DEBUG,user20,upload_file,fail,upload_file action fail
2025-08-25 12:41:20,WARN,user47,download_file,fail,download_file action fail
2025-08-25 12:42:01,ERROR,user1,download_file,fail,download_file action fail
2025-08-25 12:43:59,WARN,user30,login,success,login action success
2025-08-25 12:44:13,DEBUG,user32,upload_file,fail,upload_file action fail
2025-08-25 12:45:54,INFO,user15,download_file,fail,download_file action fail
2025-08-25 12:46:08,DEBUG,user26,view_page,fail,view_page action fail
2025-08-25 12:47:32,DEBUG,user31,logout,success,logout action success
2025-08-25 12:48:12,ERROR,user34,upload_file,fail,upload_file action fail
2025-08-25 12:49:30,WARN,user17,upload_file,fail,upload_file action fail
2025-08-25 12:50:32,INFO,user24,upload_file,success,upload_file action success
2025-08-25 12:51:10,DEBUG,user23,upload_file,success,upload_file action success
2025-08-25 12:52:49,ERROR,user3,login,success,login action success
2025-08-25 12:53:58,DEBUG,user13,click_button,success,click_button action success
2025-08-25 12:54:29,ERROR,user1,upload_file,success,upload_file action success
2025-08-25 12:55:31,DEBUG,user41,upload_file,fail,upload_file action fail
2025-08-25 12:56:57,DEBUG,user11,upload_file,success,upload_file action success
2025-08-25 12:57:52,INFO,user34,logout,success,logout action success
2025-08-25 12:58:32,ERROR,user4,view_page,success,view_page action success
2025-08-25 12:59:35,WARN,user12,click_button,fail,click_button action fail
